<application>
  <component name="DimensionService">
    <location key="find.popup.0.0.1920.1080" x="403" y="169" />
    <size key="GridCell.Tab.0.left.0.0.1920.1080" width="1461" height="268" />
    <size key="GridCell.Tab.0.center.0.0.1920.1080" width="1461" height="268" />
    <size key="GridCell.Tab.0.right.0.0.1920.1080" width="1461" height="268" />
    <size key="GridCell.Tab.0.bottom.0.0.1920.1080" width="1461" height="268" />
    <size key="find.popup.0.0.1920.1080" width="1210" height="711" />
    <size key="GridCell.Tab.1.left.0.0.1920.1080" width="1461" height="268" />
    <size key="GridCell.Tab.1.center.0.0.1920.1080" width="1461" height="268" />
    <size key="GridCell.Tab.1.right.0.0.1920.1080" width="1461" height="268" />
    <size key="GridCell.Tab.1.bottom.0.0.1920.1080" width="1461" height="268" />
    <size key="GridCell.Tab.2.left.0.0.1920.1080" width="1461" height="268" />
    <size key="GridCell.Tab.2.center.0.0.1920.1080" width="1461" height="268" />
    <size key="GridCell.Tab.2.right.0.0.1920.1080" width="1461" height="268" />
    <size key="GridCell.Tab.2.bottom.0.0.1920.1080" width="1461" height="268" />
    <size key="GridCell.Tab.3.left.0.0.1920.1080" width="1461" height="268" />
    <size key="GridCell.Tab.3.center.0.0.1920.1080" width="1461" height="268" />
    <size key="GridCell.Tab.3.right.0.0.1920.1080" width="1461" height="268" />
    <size key="GridCell.Tab.3.bottom.0.0.1920.1080" width="1461" height="268" />
    <size key="GridCell.Tab.4.left.0.0.1920.1080" width="1461" height="268" />
    <size key="GridCell.Tab.4.center.0.0.1920.1080" width="1461" height="268" />
    <size key="GridCell.Tab.4.right.0.0.1920.1080" width="1461" height="268" />
    <size key="GridCell.Tab.4.bottom.0.0.1920.1080" width="1461" height="268" />
    <size key="GridCell.Tab.5.left.0.0.1920.1080" width="1461" height="268" />
    <size key="GridCell.Tab.5.center.0.0.1920.1080" width="1461" height="268" />
    <size key="GridCell.Tab.5.right.0.0.1920.1080" width="1461" height="268" />
    <size key="GridCell.Tab.5.bottom.0.0.1920.1080" width="1461" height="268" />
  </component>
  <component name="WindowManager">
    <frame x="244" y="113" width="1477" height="819" />
  </component>
  <component name="WindowStateApplicationService">
    <state x="693" y="279" key="#com.intellij.ide.actions.ChooseComponentsToExportDialog.ideScale=110" timestamp="1729549163967">
      <screen x="0" y="0" width="1920" height="1040" />
    </state>
    <state x="693" y="279" key="#com.intellij.ide.actions.ChooseComponentsToExportDialog.ideScale=110/0.0.1920.1040" timestamp="1729549163967" />
    <state x="554" y="142" key="#com.intellij.openapi.updateSettings.impl.PluginUpdateInfoDialog.ideScale=110" timestamp="1732010478876">
      <screen x="0" y="0" width="1920" height="1040" />
    </state>
    <state x="554" y="142" key="#com.intellij.openapi.updateSettings.impl.PluginUpdateInfoDialog.ideScale=110/0.0.1920.1040" timestamp="1732010478876" />
    <state width="498" height="454" key="ShowUsagesActions.dimensionServiceKey.ideScale=110" timestamp="1732924404409">
      <screen x="0" y="0" width="1920" height="1040" />
    </state>
    <state width="498" height="454" key="ShowUsagesActions.dimensionServiceKey.ideScale=110/0.0.1920.1040" timestamp="1732924404409" />
    <state x="960" y="455" width="800" height="650" key="WELCOME_SCREEN.ideScale=110" timestamp="1732908756836">
      <screen x="0" y="0" width="1920" height="1040" />
    </state>
    <state x="960" y="455" width="800" height="650" key="WELCOME_SCREEN.ideScale=110/0.0.1920.1040" timestamp="1732908756836" />
  </component>
</application>